[
  {
    "type": "get",
    "url": "/user/:id",
    "title": "Read data of a User",
    "version": "0.3.0",
    "name": "GetUser",
    "group": "User",
    "permission": [
      {
        "name": "admin",
        "title": "Admin access rights needed.",
        "description": "<p>Optionally you can write here further Informations about the permission.</p> <p>An &quot;apiDefinePermission&quot;-block can have an &quot;apiVersion&quot;, so you can attach the block to a specific version.</p>"
      }
    ],
    "description": "<p>Compare Verison 0.3.0 with 0.2.0 and you will see the green markers with new items in version 0.3.0 and red markers with removed items since 0.2.0.</p>",
    "parameter": {
      "fields": {
        "Parameter": [
          {
            "group": "Parameter",
            "type": "Number",
            "optional": false,
            "field": "id",
            "description": "<p>The Users-ID.</p>"
          }
        ]
      }
    },
    "examples": [
      {
        "title": "Example usage:",
        "content": "curl -i http://localhost/user/4711",
        "type": "json"
      }
    ],
    "success": {
      "fields": {
        "Success 200": [
          {
            "group": "Success 200",
            "type": "Number",
            "optional": false,
            "field": "id",
            "description": "<p>The Users-ID.</p>"
          },
          {
            "group": "Success 200",
            "type": "Date",
            "optional": false,
            "field": "registered",
            "description": "<p>Registration Date.</p>"
          },
          {
            "group": "Success 200",
            "type": "Date",
            "optional": false,
            "field": "name",
            "description": "<p>Fullname of the User.</p>"
          },
          {
            "group": "Success 200",
            "type": "String[]",
            "optional": false,
            "field": "nicknames",
            "description": "<p>List of Users nicknames (Array of Strings).</p>"
          },
          {
            "group": "Success 200",
            "type": "Object",
            "optional": false,
            "field": "profile",
            "description": "<p>Profile data (example for an Object)</p>"
          },
          {
            "group": "Success 200",
            "type": "Number",
            "optional": false,
            "field": "profile.age",
            "description": "<p>Users age.</p>"
          },
          {
            "group": "Success 200",
            "type": "String",
            "optional": false,
            "field": "profile.image",
            "description": "<p>Avatar-Image.</p>"
          },
          {
            "group": "Success 200",
            "type": "Object[]",
            "optional": false,
            "field": "options",
            "description": "<p>List of Users options (Array of Objects).</p>"
          },
          {
            "group": "Success 200",
            "type": "String",
            "optional": false,
            "field": "options.name",
            "description": "<p>Option Name.</p>"
          },
          {
            "group": "Success 200",
            "type": "String",
            "optional": false,
            "field": "options.value",
            "description": "<p>Option Value.</p>"
          }
        ]
      }
    },
    "error": {
      "fields": {
        "Error 4xx": [
          {
            "group": "Error 4xx",
            "optional": false,
            "field": "NoAccessRight",
            "description": "<p>Only authenticated Admins can access the data.</p>"
          },
          {
            "group": "Error 4xx",
            "optional": false,
            "field": "UserNotFound",
            "description": "<p>The <code>id</code> of the User was not found.</p>"
          }
        ]
      },
      "examples": [
        {
          "title": "Response (example):",
          "content": "HTTP/1.1 401 Not Authenticated\n{\n  \"error\": \"NoAccessRight\"\n}",
          "type": "json"
        }
      ]
    },
    "filename": "example/example.js",
    "groupTitle": "User"
  },
  {
    "type": "get",
    "url": "/user/:id",
    "title": "Read data of a User",
    "version": "0.2.0",
    "name": "GetUser",
    "group": "User",
    "permission": [
      {
        "name": "admin",
        "title": "This title is visible in version 0.1.0 and 0.2.0",
        "description": ""
      }
    ],
    "description": "<p>Here you can describe the function. Multilines are possible.</p>",
    "parameter": {
      "fields": {
        "Parameter": [
          {
            "group": "Parameter",
            "type": "String",
            "optional": false,
            "field": "id",
            "description": "<p>The Users-ID.</p>"
          }
        ]
      }
    },
    "success": {
      "fields": {
        "Success 200": [
          {
            "group": "Success 200",
            "type": "String",
            "optional": false,
            "field": "id",
            "description": "<p>The Users-ID.</p>"
          },
          {
            "group": "Success 200",
            "type": "Date",
            "optional": false,
            "field": "name",
            "description": "<p>Fullname of the User.</p>"
          }
        ]
      }
    },
    "error": {
      "fields": {
        "Error 4xx": [
          {
            "group": "Error 4xx",
            "optional": false,
            "field": "UserNotFound",
            "description": "<p>The <code>id</code> of the User was not found.</p>"
          }
        ]
      }
    },
    "filename": "example/_apidoc.js",
    "groupTitle": "User"
  },
  {
    "type": "get",
    "url": "/user/:id",
    "title": "Read data of a User",
    "version": "0.1.0",
    "name": "GetUser",
    "group": "User",
    "permission": [
      {
        "name": "admin",
        "title": "This title is visible in version 0.1.0 and 0.2.0",
        "description": ""
      }
    ],
    "description": "<p>Here you can describe the function. Multilines are possible.</p>",
    "parameter": {
      "fields": {
        "Parameter": [
          {
            "group": "Parameter",
            "type": "String",
            "optional": false,
            "field": "id",
            "description": "<p>The Users-ID.</p>"
          }
        ]
      }
    },
    "success": {
      "fields": {
        "Success 200": [
          {
            "group": "Success 200",
            "type": "String",
            "optional": false,
            "field": "id",
            "description": "<p>The Users-ID.</p>"
          },
          {
            "group": "Success 200",
            "type": "Date",
            "optional": false,
            "field": "name",
            "description": "<p>Fullname of the User.</p>"
          }
        ]
      }
    },
    "error": {
      "fields": {
        "Error 4xx": [
          {
            "group": "Error 4xx",
            "optional": false,
            "field": "UserNotFound",
            "description": "<p>The error description text in version 0.1.0.</p>"
          }
        ]
      }
    },
    "filename": "example/_apidoc.js",
    "groupTitle": "User"
  },
  {
    "type": "post",
    "url": "/user",
    "title": "Create a new User",
    "version": "0.3.0",
    "name": "PostUser",
    "group": "User",
    "permission": [
      {
        "name": "none"
      }
    ],
    "description": "<p>In this case &quot;apiErrorStructure&quot; is defined and used. Define blocks with params that will be used in several functions, so you dont have to rewrite them.</p>",
    "parameter": {
      "fields": {
        "Parameter": [
          {
            "group": "Parameter",
            "type": "String",
            "optional": false,
            "field": "name",
            "description": "<p>Name of the User.</p>"
          }
        ]
      }
    },
    "success": {
      "fields": {
        "Success 200": [
          {
            "group": "Success 200",
            "type": "Number",
            "optional": false,
            "field": "id",
            "description": "<p>The new Users-ID.</p>"
          }
        ]
      }
    },
    "filename": "example/example.js",
    "groupTitle": "User",
    "error": {
      "fields": {
        "Error 4xx": [
          {
            "group": "Error 4xx",
            "optional": false,
            "field": "NoAccessRight",
            "description": "<p>Only authenticated Admins can access the data.</p>"
          },
          {
            "group": "Error 4xx",
            "optional": false,
            "field": "UserNameTooShort",
            "description": "<p>Minimum of 5 characters required.</p>"
          }
        ]
      },
      "examples": [
        {
          "title": "Response (example):",
          "content": "HTTP/1.1 400 Bad Request\n{\n  \"error\": \"UserNameTooShort\"\n}",
          "type": "json"
        }
      ]
    }
  },
  {
    "type": "post",
    "url": "/user",
    "title": "Create a User",
    "version": "0.2.0",
    "name": "PostUser",
    "group": "User",
    "permission": [
      {
        "name": "none"
      }
    ],
    "description": "<p>In this case &quot;apiErrorStructure&quot; is defined and used. Define blocks with params that will be used in several functions, so you dont have to rewrite them.</p>",
    "parameter": {
      "fields": {
        "Parameter": [
          {
            "group": "Parameter",
            "type": "String",
            "optional": false,
            "field": "name",
            "description": "<p>Name of the User.</p>"
          }
        ]
      }
    },
    "success": {
      "fields": {
        "Success 200": [
          {
            "group": "Success 200",
            "type": "String",
            "optional": false,
            "field": "id",
            "description": "<p>The Users-ID.</p>"
          }
        ]
      }
    },
    "filename": "example/_apidoc.js",
    "groupTitle": "User",
    "error": {
      "fields": {
        "Error 4xx": [
          {
            "group": "Error 4xx",
            "optional": false,
            "field": "NoAccessRight",
            "description": "<p>Only authenticated Admins can access the data.</p>"
          },
          {
            "group": "Error 4xx",
            "optional": false,
            "field": "UserNameTooShort",
            "description": "<p>Minimum of 5 characters required.</p>"
          }
        ]
      },
      "examples": [
        {
          "title": "Response (example):",
          "content": "HTTP/1.1 400 Bad Request\n{\n  \"error\": \"UserNameTooShort\"\n}",
          "type": "json"
        }
      ]
    }
  },
  {
    "type": "put",
    "url": "/user/:id",
    "title": "Change a User",
    "version": "0.3.0",
    "name": "PutUser",
    "group": "User",
    "permission": [
      {
        "name": "none"
      }
    ],
    "description": "<p>This function has same errors like POST /user, but errors not defined again, they were included with &quot;apiErrorStructure&quot;</p>",
    "parameter": {
      "fields": {
        "Parameter": [
          {
            "group": "Parameter",
            "type": "String",
            "optional": false,
            "field": "name",
            "description": "<p>Name of the User.</p>"
          }
        ]
      }
    },
    "filename": "example/example.js",
    "groupTitle": "User",
    "error": {
      "fields": {
        "Error 4xx": [
          {
            "group": "Error 4xx",
            "optional": false,
            "field": "NoAccessRight",
            "description": "<p>Only authenticated Admins can access the data.</p>"
          },
          {
            "group": "Error 4xx",
            "optional": false,
            "field": "UserNameTooShort",
            "description": "<p>Minimum of 5 characters required.</p>"
          }
        ]
      },
      "examples": [
        {
          "title": "Response (example):",
          "content": "HTTP/1.1 400 Bad Request\n{\n  \"error\": \"UserNameTooShort\"\n}",
          "type": "json"
        }
      ]
    }
  },
  {
    "type": "get",
    "url": "/user/{id}",
    "title": "",
    "description": "<p>获取用户信息接口描述</p>",
    "group": "User",
    "name": "getUserInfo",
    "parameter": {
      "fields": {
        "Parameter": [
          {
            "group": "Parameter",
            "type": "Number",
            "optional": false,
            "field": "id",
            "description": "<p>用户ID</p>"
          }
        ]
      }
    },
    "version": "0.1.0",
    "examples": [
      {
        "title": "访问示例：",
        "content": "curl -i http://api.demo.com/user/4711",
        "type": "curl"
      }
    ],
    "success": {
      "fields": {
        "Success 200": [
          {
            "group": "Success 200",
            "type": "String",
            "optional": false,
            "field": "firstname",
            "description": "<p>Firstname of the User.</p>"
          },
          {
            "group": "Success 200",
            "type": "String",
            "optional": false,
            "field": "lastname",
            "description": "<p>Lastname of the User.</p>"
          }
        ]
      }
    },
    "filename": "example/test.php",
    "groupTitle": "User"
  }
]
